Duration (in seconds),ResponseId,UserLanguage,Age,Gender,Education,Country-Birth,Race,Race_4_TEXT,Country-Residence,Native English,Other languages,Other languages 2
1149,R_2Y5qEF7tp48wAsz,EN,22,Female,GCE 'A' Levels,Malaysia,Chinese,,Singapore,No,Chinese,
1217,R_ZxHvGVSFQkHW12x,EN,21,Female,GCE 'A' Levels,Malaysia,Chinese,,Singapore,No,"Chinese,Malay",
608,R_24GK3WyC2uUkmcy,EN,23,Female,Bachelors Degree,Singapore,Chinese,,Singapore,Yes,Chinese,
328,R_rfMSH33zzssSGJz,EN,22,Female,GCE 'A' Levels,Singapore,Chinese,,Singapore,Yes,Chinese,
766,R_3dFjDtbmlkbliqB,EN,20,Female,GCE 'A' Levels,Singapore,Chinese,,Singapore,Yes,Chinese,
1254,R_1ie7PwepHrmXeWA,EN,20,Female,GCE 'A' Levels,Singapore,Chinese,,Singapore,Yes,"Chinese,Malay",
1156,R_2PBUUPQHmlCRaC1,EN,21,Female,GCE 'A' Levels,Singapore,Chinese,,Singapore,Yes,Chinese,
981,R_20PbXk6PqJ4ndhe,EN,22,Male,GCE 'A' Levels,Singapore,Chinese,,Singapore,Yes,Chinese,
610,R_27wFPSV2YsqgoJn,EN,22,Female,GCE 'A' Levels,Singapore,Chinese,,Singapore,Yes,Chinese,
1080,R_XoXn0FfQe9naAGR,EN,24,Male,GCE 'N'/'O' Levels,Singapore,Chinese,,Singapore,Yes,Chinese,
3709,R_3KAA7RdOeMUmp6w,EN,24,Male,Bachelors Degree,Indonesia,Chinese,,Singapore,Yes,Bahasa Indonesia,
1494,R_BwV6w1LbkJ3vIM9,EN,23,Male,GCE 'A' Levels,Singapore,Chinese,,Singapore,Yes,"Chinese,Japanese,Other",Cantonese
804,R_31tTgKqMDVbGn3d,EN,21,Male,GCE 'A' Levels,Singapore,Chinese,,Singapore,Yes,Chinese,
782,R_3p3Y79TzzzXN7u5,EN,21,Male,GCE 'A' Levels,Singapore,Chinese,,Singapore,Yes,Chinese,
495,R_2wpdYzufcYlzcIj,EN,21,Male,GCE 'A' Levels,Singapore,Chinese,,Singapore,Yes,Chinese,
837,R_1FnWJF5jpbRJq8w,EN,22,Female,GCE 'A' Levels,China,Chinese,,Singapore,Yes,Chinese,
733,R_OcAD003BmsylI3v,EN,22,Male,GCE 'A' Levels,Singapore,Chinese,,Singapore,Yes,Chinese,
2672,R_1jPUKfsYZHeFgfb,EN,21,Male,GCE 'A' Levels,Singapore,Chinese,,Singapore,Yes,Chinese,
6149,R_3rU59TKVjfTRNgc,EN,47,Female,Master's Degree,Singapore,Chinese,,Singapore,Yes,"Chinese,Other",Cantonese
1348,R_3pr0jSNCzk1giRb,EN,21,Male,Bachelors Degree,Singapore,Chinese,,Singapore,Yes,"Chinese,Japanese",
869,R_12GrpdlOpWLYxnl,EN,24,Female,Bachelors Degree,Singapore,Chinese,,Singapore,Yes,Chinese,
694,R_3EumZHt85Aq79y6,EN,21,Female,GCE 'A' Levels,Singapore,Chinese,,Singapore,Yes,Chinese,
161,R_2qqRxG0wVMLcwIq,EN,22,Male,GCE 'A' Levels,Singapore,Chinese,,Singapore,Yes,Chinese,
531,R_3Mo1ZM6WNiSKxrc,EN,22,Female,GCE 'A' Levels,Singapore,Chinese,,Singapore,Yes,Chinese,
1672,R_25RUDNkmC8yn2Qv,EN,21,Female,Polytechnic Diploma,Singapore,Chinese,,Singapore,Yes,,
837,R_2q7WvFh5Wvdsoqk,EN,21,Male,GCE 'A' Levels,Singapore,Chinese,,Singapore,Yes,Chinese,
947,R_1o15AGn3YjuLt5P,EN,20,Female,GCE 'A' Levels,Singapore,Chinese,,Singapore,Yes,Chinese,
1526,R_u9NcUWg5q57E0Vz,EN,21,Female,GCE 'A' Levels,Singapore,Chinese,,Singapore,Yes,Chinese,
135,R_2uKepc8XPivAicX,EN,22,Male,GCE 'A' Levels,Singapore,Chinese,,Singapore,Yes,Chinese,
552,R_3CWxJvtPrfgXVE7,EN,23,Female,Bachelors Degree,Singapore,Chinese,,Singapore,Yes,"Chinese,Spanish,Japanese",
564,R_paR0ayt0mTsxYOt,EN,20,Male,GCE 'A' Levels,Singapore,Chinese,,Singapore,Yes,Chinese,
472,R_3McKlosK4ey19RY,EN,21,Male,GCE 'A' Levels,Singapore,Chinese,,Singapore,Yes,Chinese,
1821,R_VJ6fi5j2c5o8kPT,EN,21,Male,GCE 'A' Levels,Singapore,Chinese,,Singapore,Yes,Chinese,
344,R_A5qwRARXyafF4VH,EN,19,Female,GCE 'A' Levels,Singapore,Chinese,,Singapore,Yes,"Chinese,French,German,Bahasa Indonesia",
676,R_tSxH51drBo5NFWV,EN,22,Female,GCE 'A' Levels,Singapore,Chinese,,Singapore,Yes,Chinese,
449,R_2i4OkEY5PezX721,EN,21,Female,Polytechnic Diploma,Singapore,Chinese,,Singapore,Yes,"Chinese,Korean",
1397,R_3oAVU4LKZWfEdfJ,EN,24,Male,Polytechnic Diploma,Singapore,Chinese,,Singapore,Yes,Chinese,
856,R_SVpnDS9BjGsD9QJ,EN,21,Female,GCE 'A' Levels,Singapore,Chinese,,Singapore,Yes,Chinese,
1160,R_3HO1zcOGELQz9PT,EN,20,3,GCE 'A' Levels,Singapore,Chinese,,Singapore,Yes,Chinese,
706,R_2z7sWq1BKAdgUkP,EN,22,Female,Polytechnic Diploma,Singapore,Chinese,,Singapore,Yes,Chinese,
1090,R_28NvqXfXwjB0WUS,EN,24,Male,GCE 'A' Levels,Singapore,Chinese,,Singapore,Yes,Chinese,
1752,R_3DtDWj03qRi8adB,EN,21,Female,GCE 'A' Levels,Singapore,Chinese,,Singapore,Yes,"Chinese,French,Spanish",
1274,R_3kMLwuAiodMebD4,EN,22,Male,GCE 'A' Levels,Singapore,Chinese,,Singapore,Yes,Chinese,
735,R_wUdPvK21FLxkLXr,EN,22,Female,Bachelors Degree,Singapore,Chinese,,Singapore,Yes,Chinese,
522,R_1P1XTNt8BBqiJzn,EN,24,Male,Polytechnic Diploma,Singapore,Chinese,,Singapore,Yes,"Chinese,French,Japanese",
467,R_xz44i2NoeDAbrep,EN,22,Male,GCE 'A' Levels,China,Chinese,,Singapore,Yes,"Chinese,Japanese",
1407,R_1Ejwzm5oGHdhHPb,EN,22,Female,GCE 'A' Levels,Singapore,Chinese,,Singapore,Yes,Chinese,
575,R_W2nG5nAG5CDw2XL,EN,22,Female,GCE 'A' Levels,Singapore,Chinese,,Singapore,Yes,Chinese,
1864,R_31Mmi3TloEhpPuB,EN,23,Male,Polytechnic Diploma,Singapore,Chinese,,Singapore,Yes,Chinese,
831,R_1Km7VjPbHwp5qA4,EN,25,Male,Polytechnic Diploma,Singapore,Chinese,,Singapore,Yes,Chinese,
725,R_UG802yEVcc17BoR,EN,23,Male,Polytechnic Diploma,Singapore,Chinese,,Singapore,Yes,Chinese,
4173,R_2ARVn3JN4ebCZUw,EN,22,Female,Polytechnic Diploma,Singapore,Chinese,,Singapore,Yes,"Chinese,Japanese",
552,R_2qDfC5bLumq9dYc,EN,22,Female,GCE 'A' Levels,Singapore,Chinese,,Singapore,Yes,Chinese,
885,R_27NBD1FRiO1qu9t,EN,23,Male,GCE 'A' Levels,Singapore,Malay,,Singapore,Yes,"Chinese,Malay",
626,R_2BnQ2Cnx6NwseWR,EN,20,Female,GCE 'A' Levels,Singapore,Chinese,,Singapore,Yes,Chinese,
982,R_1JJBoqcTA13iUTT,EN,22,Female,GCE 'A' Levels,Singapore,Chinese,,Singapore,Yes,"Chinese,Thai",
330,R_2uWzgOaddCLFVEA,EN,23,Male,GCE 'A' Levels,Singapore,Chinese,,Singapore,Yes,Chinese,
404,R_2aV848iAk0Nfmnw,EN,19,Female,GCE 'A' Levels,Singapore,Chinese,,Singapore,Yes,Chinese,
516,R_qV0rjRNm7AuYj3H,EN,22,Female,Polytechnic Diploma,Singapore,Chinese,,Singapore,Yes,"Chinese,Korean",
911,R_2Puq0L4uSGckHXz,EN,21,Female,Polytechnic Diploma,Singapore,Chinese,,Singapore,Yes,Chinese,
593,R_CeRAGmxe4QY7CMN,EN,24,Male,Bachelors Degree,Singapore,Chinese,,Singapore,Yes,Chinese,
4731,R_1pYGIhEJTWY2Tx0,EN,24,Male,Polytechnic Diploma,Singapore,Chinese,,Singapore,Yes,"Chinese,Other",Teochew
432,R_3mk6pMgITipycD9,EN,22,Male,GCE 'A' Levels,Singapore,Chinese,,Singapore,Yes,Chinese,
994,R_1OZvqvUYAPZ5mlK,EN,23,Male,Bachelors Degree,Singapore,Chinese,,Singapore,Yes,Chinese,
2391,R_1jCfbfC95uYMSZD,EN,24,Male,Polytechnic Diploma,Singapore,Chinese,,Singapore,Yes,Chinese,
764,R_38Aww386wldvg89,EN,19,Female,GCE 'A' Levels,Singapore,Chinese,,Singapore,Yes,Chinese,
811,R_3qVYBEP6mo5xw8w,EN,24,Female,Polytechnic Diploma,Singapore,Chinese,,Singapore,Yes,Chinese,
1062,R_1DZ84l7qrrAhXRr,EN,24,Male,Bachelors Degree,Singapore,Chinese,,Singapore,Yes,Chinese,
520,R_1rjCMQBS1u0Vyna,EN,20,Female,GCE 'A' Levels,Singapore,Chinese,,Singapore,Yes,Chinese,
4154,R_3m3Kbigv6xoP5oM,EN,23,Female,Bachelors Degree,Singapore,Chinese,,Singapore,Yes,"Chinese,Korean",
613,R_sX3f2XoMblJDRst,EN,22,Male,GCE 'A' Levels,China,Chinese,,Singapore,Yes,Chinese,
671,R_2PvPzNCFbNyxRc1,EN,24,Male,Polytechnic Diploma,Singapore,Chinese,,Singapore,Yes,Chinese,
432,R_3nvhGI3FrdShYwE,EN,22,Male,GCE 'A' Levels,Singapore,Chinese,,Singapore,Yes,Chinese,
1004,R_3mhfW5vED0CS2gp,EN,22,Female,GCE 'A' Levels,Singapore,Chinese,,Singapore,Yes,Chinese,
1005,R_29bvQ1gj6cFarKp,EN,23,Female,GCE 'A' Levels,Singapore,Chinese,,Singapore,Yes,Chinese,
5898,R_2DV8ATfRFAPkvEP,EN,20,Female,Bachelors Degree,Malaysia,Chinese,,Singapore,No,"Chinese,Malay,Other",Hokkien
4726,R_2CPnZGJg38It7cM,EN,21,Female,GCE 'A' Levels,Singapore,Chinese,,Singapore,Yes,Chinese,
417,R_3NPyI8T83riBl5r,EN,21,Female,GCE 'A' Levels,Singapore,Chinese,,Singapore,Yes,Chinese,
2334,R_3g2d8kyXSdivw5q,EN,19,Female,GCE 'A' Levels,Singapore,Chinese,,Singapore,Yes,Chinese,
1121,R_3kBOmtvMa4kwY8f,EN,23,Male,Bachelors Degree,Malaysia,Chinese,,Singapore,Yes,Chinese,
1802,R_3ZRGDa8cSRJdXdn,EN,20,Female,GCE 'A' Levels,Singapore,Chinese,,Singapore,Yes,Chinese,
913,R_2PhYPCK9mEQaZQu,EN,20,Female,GCE 'A' Levels,Singapore,Chinese,,Singapore,Yes,Chinese,
964,R_2WAJFGmQMhui64w,EN,21,Female,GCE 'A' Levels,Singapore,Chinese,,Singapore,Yes,Chinese,
663,R_3qD3RlGUCjPLuMd,EN,21,Female,GCE 'A' Levels,Singapore,Chinese,,Singapore,Yes,Chinese,
348,R_2R9BZ5e84QxCOPw,EN,22,Female,Polytechnic Diploma,Singapore,Chinese,,Singapore,Yes,Chinese,
1197,R_3NFdx5969JFxVRI,EN,23,Female,GCE 'A' Levels,Indonesia,Chinese,,Singapore,Yes,"Malay,Bahasa Indonesia",
4167,R_10wqovCZDAxYARa,EN,22,Female,Bachelors Degree,Singapore,Chinese,,Singapore,Yes,Chinese,
368,R_1qdIc6S3jeAIUZV,EN,22,Female,Polytechnic Diploma,Singapore,Chinese,,Singapore,Yes,Chinese,
474,R_27poJ7o8MllZwhI,EN,23,Male,Polytechnic Diploma,Singapore,Chinese,,Singapore,Yes,Chinese,
1089,R_3kaYPTfQBP5421a,EN,23,Male,Polytechnic Diploma,Singapore,Chinese,,Singapore,Yes,Chinese,
2189,R_2ZDBGFJp9sXJCcm,EN,24,Female,Bachelors Degree,Singapore,Chinese,,Singapore,Yes,Chinese,
1589,R_1ltm4UMEIMheyqd,EN,22,Female,GCE 'A' Levels,Singapore,Chinese,,Singapore,Yes,"Chinese,French",
1757,R_z7ENEa2OlSHvWX7,EN,24,Male,Polytechnic Diploma,Singapore,Chinese,,Singapore,Yes,Chinese,
429,R_3ilmRbELQo2J1zT,EN,20,Female,GCE 'A' Levels,Singapore,Chinese,,Singapore,Yes,"Chinese,Spanish",
1419,R_264rz5AdkImrEq5,EN,20,Female,Bachelors Degree,Singapore,Chinese,,Singapore,Yes,Chinese,
1668,R_uxhXH3Jd20EKdOh,EN,22,Female,Polytechnic Diploma,Singapore,Chinese,,Singapore,Yes,"Chinese,Spanish",
482,R_1Dqfg2Up0j99EDV,EN,22,Female,GCE 'A' Levels,Singapore,Chinese,,Singapore,Yes,Chinese,
14073,R_b9gvz9jCDkKkcfv,EN,21,Male,GCE 'A' Levels,Singapore,Chinese,,Singapore,Yes,Chinese,
681,R_1BYlbSVl1Ovl7Yl,EN,25,Male,Bachelors Degree,Myanmar,Other,Burmese,Singapore,Yes,"Chinese,French,German,Other","Italian, Burmese "
568,R_3Mnk4wI336zRIaA,EN,20,Female,GCE 'A' Levels,Singapore,Chinese,,Singapore,Yes,"Chinese,Japanese",
1049,R_3J2aZ9BHZbovmwm,EN,22,Male,GCE 'A' Levels,Singapore,Chinese,,Singapore,Yes,Chinese,
3675,R_vvLGHmH0WSipfxv,EN,20,Female,GCE 'A' Levels,Singapore,Chinese,,Singapore,Yes,"Chinese,Japanese",
878,R_28FB5rOPMolvKsp,EN,20,Female,GCE 'A' Levels,Singapore,Chinese,,Singapore,Yes,Chinese,
1061,R_1M3yPUY0uZ0ebxW,EN,20,Female,GCE 'A' Levels,Singapore,Chinese,,Singapore,Yes,Chinese,
1506,R_2S2Yw2sbf0ve4W0,EN,22,Male,GCE 'A' Levels,Singapore,Chinese,,Singapore,Yes,Chinese,
820,R_Asw0NqPhU2w5Cfv,EN,22,Male,GCE 'A' Levels,Singapore,Chinese,,Singapore,Yes,Chinese,
542,R_XKXxU2HaHriRGRr,EN,19,Female,GCE 'A' Levels,Singapore,Chinese,,Singapore,Yes,"Chinese,Japanese,Thai",-
471,R_DnNG4TfP9pvtLcB,EN,23,Female,Polytechnic Diploma,Singapore,Chinese,,Singapore,Yes,Chinese,
1874,R_3HNftzC45wGecKg,EN,24,Male,Bachelors Degree,Singapore,Chinese,,Singapore,Yes,Chinese,
1145,R_12o5mke2ahCCeQW,EN,21,Female,GCE 'A' Levels,Singapore,Chinese,,Singapore,Yes,Chinese,
939,R_XYzPMa47d5PL7ix,EN,25,Female,Bachelors Degree,Singapore,Chinese,,Singapore,Yes,Chinese,
468,R_1JEAA1GmTjT4FpE,EN,21,Male,GCE 'A' Levels,Singapore,Chinese,,Singapore,Yes,Chinese,
805,R_2CTawVI5PFb3KVH,EN,20,Male,GCE 'A' Levels,Malaysia,Chinese,,Singapore,Yes,"Chinese,Malay",
822,R_3JxVNv2uDPWUDXG,EN,23,Female,GCE 'A' Levels,Singapore,Chinese,,Singapore,Yes,Chinese,
545,R_12xzIzosoMXshj5,EN,25,Male,GCE 'A' Levels,Singapore,Chinese,,Singapore,Yes,"Chinese,Korean",
545,R_TcL6Z3PdHf46gUN,EN,21,Female,GCE 'A' Levels,Singapore,Chinese,,Singapore,Yes,Chinese,
504,R_1C7pbmnetKCMr68,EN,22,Female,Bachelors Degree,Singapore,Chinese,,Singapore,Yes,Chinese,
452,R_1GHVTYzPhGVkfni,EN,21,Female,GCE 'A' Levels,Singapore,Chinese,,Singapore,Yes,Chinese,
2150,R_3EQ1hmXfoMlQu96,EN,22,Female,GCE 'A' Levels,Singapore,Chinese,,Singapore,Yes,Chinese,
762,R_3nI5tN2CbD9pVa5,EN,23,Female,GCE 'A' Levels,Singapore,Chinese,,Singapore,Yes,Chinese,
450,R_cC58e720P4n8X0l,EN,21,Female,GCE 'A' Levels,Singapore,Chinese,,Singapore,Yes,Chinese,
988,R_20ZM4GtlmhvgA24,EN,25,Male,Polytechnic Diploma,Singapore,Chinese,,Singapore,Yes,"Chinese,Korean,Thai",
698,R_20U4OVUsIftpusG,EN,22,Male,Polytechnic Diploma,Singapore,Chinese,,Singapore,Yes,Chinese,
927,R_2VgnWtFkR1xZLyV,EN,20,Female,GCE 'A' Levels,Singapore,Chinese,,Singapore,Yes,Chinese,
665,R_1FaLaC6X9ZLvtdh,EN,23,Female,GCE 'A' Levels,Singapore,Chinese,,Singapore,Yes,Chinese,
643,R_XzTMKhsFb06wRgt,EN,24,Male,GCE 'A' Levels,Singapore,Chinese,,Singapore,Yes,Chinese,
1011,R_xAB0YG7v65TLJPb,EN,21,Female,GCE 'A' Levels,Singapore,Chinese,,Singapore,Yes,Chinese,
1676,R_5utcqKX4D0S6yRz,EN,22,Female,GCE 'A' Levels,Singapore,Chinese,,Singapore,Yes,Chinese,
613,R_Abd0BDltZZLlFqp,EN,19,Female,GCE 'A' Levels,Singapore,Chinese,,Singapore,Yes,Chinese,
461,R_STyVovZLDPJMX5v,EN,21,Female,GCE 'A' Levels,China,Chinese,,Singapore,No,Chinese,
946,R_eL6cV67xsMYbn8Z,EN,23,Male,Polytechnic Diploma,Singapore,Chinese,,Singapore,Yes,Chinese,
410,R_WkcSQuTqcftMrrb,EN,22,Male,GCE 'A' Levels,Singapore,Chinese,,Singapore,Yes,Chinese,
10813,R_pQPlpTHHgqnX0HL,EN,20,Male,GCE 'A' Levels,Malaysia,Chinese,,Singapore,Yes,"Chinese,Malay",
553,R_1MLFfik4pGKObFw,EN,20,Male,GCE 'A' Levels,Malaysia,Chinese,,Singapore,Yes,"Chinese,Malay",
404,R_2DTw2CXxqJQeyEp,EN,20,Male,GCE 'A' Levels,Malaysia,Chinese,,Singapore,Yes,"Chinese,Malay",
1432,R_aWvWa2WIsL4SlXz,EN,22,Male,Bachelors Degree,Singapore,Chinese,,Singapore,Yes,Chinese,
792,R_3MEcRDreWRHiPxi,EN,20,Female,GCE 'A' Levels,Singapore,Chinese,,Singapore,Yes,Chinese,
589,R_2QPwpgnIJVv9dbl,EN,22,Female,GCE 'A' Levels,Singapore,Chinese,,Singapore,Yes,Chinese,
539,R_23gDsIKLBXHq8mo,EN,21,Female,GCE 'A' Levels,Singapore,Chinese,,Singapore,Yes,Chinese,
489,R_11X8s8MtYIze7Mu,EN,21,Female,GCE 'A' Levels,Singapore,Chinese,,Singapore,Yes,"Chinese,French,Korean",
967,R_3PG1R3bYrxXFFGJ,EN,19,Female,GCE 'A' Levels,Singapore,Chinese,,Singapore,Yes,"Chinese,German",
556,R_1XEFpJKqqWJZNmN,EN,24,Male,GCE 'A' Levels,Singapore,Chinese,,Singapore,Yes,"Chinese,Malay,French,Japanese",
712,R_1etyGurK9wDpD7X,EN,22,Female,GCE 'A' Levels,Singapore,Chinese,,Singapore,Yes,Chinese,
873,R_1LewgP2PfqCFXG7,EN,22,Female,GCE 'A' Levels,Singapore,Chinese,,Singapore,Yes,"Chinese,Korean",
35058,R_1N4ANc2ECw1YaF6,EN,20,Male,GCE 'A' Levels,Malaysia,Chinese,,Singapore,Yes,"Chinese,Malay",
510,R_2S8ZmOqcF8EyTkl,EN,22,Female,GCE 'A' Levels,Singapore,Chinese,,Singapore,Yes,Chinese,
802,R_3fvmSgtno4xWA9w,EN,20,Male,GCE 'A' Levels,Malaysia,Chinese,,Singapore,Yes,"Chinese,Malay",
1414,R_33lnPpIGSnxNwHt,EN,24,Male,Polytechnic Diploma,Singapore,Chinese,,Singapore,Yes,Chinese,
844,R_3PnSJa7Pk3y6RZW,EN,25,Male,Bachelors Degree,Singapore,Chinese,,Singapore,Yes,Chinese,
966,R_A1CtoblOuCTSrmN,EN,21,Male,GCE 'A' Levels,Singapore,Chinese,,Singapore,Yes,Chinese,
599,R_3iWLQm2eytnYmzL,EN,23,Male,GCE 'A' Levels,Singapore,Malay,,Singapore,Yes,"Malay,Arabic,Bahasa Indonesia",
31948,R_2zexCYSNlHFBPjO,EN,23,Male,Polytechnic Diploma,Singapore,Chinese,,Singapore,Yes,Chinese,
2075,R_3HH9D2DhqUuHidf,EN,21,Female,GCE 'A' Levels,Singapore,Chinese,,Singapore,Yes,Chinese,
1328,R_1Us3UtH59jwqMSd,EN,21,Female,GCE 'A' Levels,Singapore,Chinese,,Singapore,Yes,Chinese,
1035,R_25zG6HPm4Y157GZ,EN,21,Female,GCE 'A' Levels,Singapore,Chinese,,Singapore,Yes,Chinese,
797,R_2ZJObHvdyXEnB8h,EN,21,Female,GCE 'A' Levels,Singapore,Chinese,,Singapore,Yes,"Chinese,Korean",
15756,R_2y4t0yCMTcJl8Xr,EN,21,Female,Bachelors Degree,Singapore,Chinese,,Singapore,Yes,Chinese,
969,R_3m2nxyHIloDLxn2,EN,20,Female,GCE 'A' Levels,Singapore,Chinese,,Singapore,Yes,Chinese,
737,R_2rVObYCGxS0lIpB,EN,23,Male,GCE 'A' Levels,Singapore,Chinese,,Singapore,Yes,Chinese,
13461,R_UzquXYQQi5CpOWB,EN,22,Female,GCE 'A' Levels,China,Chinese,,Singapore,Yes,Chinese,
574,R_3Ofsrv6KoYipR1I,EN,19,Female,GCE 'A' Levels,Singapore,Chinese,,Singapore,Yes,Chinese,
1118,R_szKZACSAM3r4IU1,EN,20,Female,GCE 'A' Levels,Singapore,Chinese,,Singapore,Yes,Chinese,
1245,R_3MKfEQkYSNzZkIr,EN,22,Male,GCE 'A' Levels,Singapore,Chinese,,Singapore,Yes,Chinese,
863,R_OBjAmOt1CQSSunT,EN,23,Male,GCE 'A' Levels,Singapore,Chinese,,Singapore,Yes,Chinese,
1339,R_1BWq20HGFMmZMxk,EN,20,Female,GCE 'A' Levels,Singapore,Chinese,,Singapore,Yes,Chinese,
1054,R_22Qzw1X2VVofkhS,EN,21,Female,Polytechnic Diploma,Singapore,Chinese,,Singapore,Yes,Chinese,
2035,R_1OxEE29UVXqMgTW,EN,20,Female,GCE 'A' Levels,Singapore,Chinese,,Singapore,Yes,Chinese,
535,R_2CZj1csMIx4LVYi,EN,22,Female,Bachelors Degree,Singapore,Chinese,,Singapore,Yes,"Chinese,Korean,Other",Tagalog
435,R_3R7LiTFc7V04Vc4,EN,23,Male,Polytechnic Diploma,Singapore,Chinese,,Singapore,Yes,Chinese,
351,R_2aV6cb6ro43ygSu,EN,23,Male,Bachelors Degree,Singapore,Chinese,,Singapore,Yes,Chinese,
780,R_sG5aSVM6J9Eib4Z,EN,21,Female,GCE 'A' Levels,Singapore,Chinese,,Singapore,Yes,"Chinese,Spanish",
525,R_2dPWvNYuTEzLadL,EN,21,Female,GCE 'A' Levels,Singapore,Chinese,,Singapore,Yes,Chinese,
935,R_1IxXpg02MOCn87e,EN,19,Female,GCE 'A' Levels,Singapore,Chinese,,Singapore,Yes,Chinese,
1377,R_SI6TO1v1FO87sSB,EN,24,Male,GCE 'A' Levels,Singapore,Chinese,,Singapore,No,Chinese,
491,R_XIbVJPDZE8dIk0N,EN,20,Female,GCE 'A' Levels,Singapore,Chinese,,Singapore,Yes,Chinese,
837,R_3MxI9pnruloC4ir,EN,22,Female,GCE 'A' Levels,Singapore,Chinese,,Singapore,Yes,Chinese,
1799,R_6oo3sc0IpESpCNz,EN,25,Male,Bachelors Degree,Singapore,Chinese,,Singapore,Yes,Spanish,
796,R_8erHwbFEVCKeBZD,EN,21,Male,GCE 'A' Levels,Singapore,Chinese,,Singapore,Yes,Chinese,
533,R_T6IpIFVaQVeS9dn,EN,21,Female,GCE 'N'/'O' Levels,India,Indian,,Singapore,Yes,Tamil,
525,R_1omTwKxpNmbCvcp,EN,21,Female,GCE 'A' Levels,Singapore,Chinese,,United States of America,Yes,"Chinese,Korean",
535,R_ALnOkVzemo3dqUN,EN,23,Female,GCE 'A' Levels,Singapore,Chinese,,Singapore,Yes,"Chinese,Spanish,Japanese",
4758,R_2y77medv7U2sFpT,EN,21,Female,Bachelors Degree,Malaysia,Chinese,,Singapore,Yes,"Chinese,Malay",
530,R_3EbwD0D9aIgZQNa,EN,21,Female,GCE 'A' Levels,Singapore,Chinese,,Singapore,Yes,Chinese,
899,R_10T2ohKkkQPhYcL,EN,19,Female,GCE 'A' Levels,Singapore,Chinese,,Singapore,Yes,Chinese,
997,R_xAaYfzkJJj47zix,EN,23,Male,GCE 'A' Levels,Singapore,Chinese,,Singapore,Yes,Chinese,
1214,R_VQn7jKlmdnKWFGN,EN,23,Female,GCE 'A' Levels,Singapore,Chinese,,Singapore,Yes,Chinese,
624,R_3M4K1KWbEiNAQeK,EN,22,Male,GCE 'A' Levels,Singapore,Chinese,,Singapore,Yes,"Chinese,German",
753,R_2sRLp0AYyEUtDL8,EN,22,Female,GCE 'A' Levels,Singapore,Chinese,,Singapore,Yes,Chinese,
1514,R_1OlDbLwob1b6XXz,EN,23,Female,GCE 'A' Levels,Singapore,Chinese,,Singapore,Yes,Chinese,
6189,R_3W1UaQEQh6kiMXT,EN,21,Female,GCE 'A' Levels,Singapore,Chinese,,Singapore,Yes,"Chinese,Korean",
1038,R_2zINldGbWQIb5xI,EN,19,Female,GCE 'A' Levels,Singapore,Chinese,,Singapore,Yes,"Chinese,Bahasa Indonesia",
1125,R_2CHAz2t3CxqIJDH,EN,22,Male,GCE 'A' Levels,Singapore,Chinese,,Singapore,Yes,Chinese,
590,R_tFMYCUM12mWi5W1,EN,20,Female,GCE 'A' Levels,Singapore,Chinese,,Singapore,Yes,Chinese,
2823,R_3lXK4Y8QrdzOAtQ,EN,20,Female,GCE 'A' Levels,Singapore,Chinese,,Singapore,Yes,Chinese,
339,R_247TTsblmD9uR91,EN,22,Female,GCE 'A' Levels,Singapore,Chinese,,Singapore,Yes,Chinese,
1011,R_1C2S3cXm7NwDJoG,EN,23,Male,GCE 'A' Levels,Singapore,Chinese,,Singapore,Yes,Chinese,
1727,R_3CT5xWrJJ9YZFi1,EN,22,Female,GCE 'A' Levels,Singapore,Chinese,,Singapore,Yes,Chinese,
1658,R_1KwZeWZdaykz3Ev,EN,22,Female,Bachelors Degree,China,Chinese,,Singapore,Yes,Chinese,
777,R_2vZeTvlp0p0K3In,EN,23,Female,Bachelors Degree,Singapore,Chinese,,Singapore,Yes,"Chinese,Korean",
623,R_PHRGR4hAaTYlqhP,EN,19,Female,GCE 'A' Levels,Singapore,Chinese,,Singapore,Yes,Chinese,
536,R_2xV5RkiMu9fdT1c,EN,19,Female,GCE 'A' Levels,Singapore,Chinese,,Singapore,Yes,Chinese,
5920,R_bjvfUUHpF4CAaMF,EN,25,Female,Bachelors Degree,Singapore,Chinese,,Singapore,Yes,Chinese,
755,R_21oev4ZIhPdeMkc,EN,20,Female,GCE 'A' Levels,Singapore,Chinese,,Singapore,No,Chinese,
46807,R_ez0Qlw0ibeRG5yx,EN,20,Male,GCE 'A' Levels,Malaysia,Chinese,,Singapore,Yes,"Chinese,Malay",
470,R_1pFgN5BVtUskITI,EN,20,Male,GCE 'A' Levels,Singapore,Chinese,,Malaysia,Yes,"Chinese,Malay",
630,R_1mngdvQFqiK1ZqS,EN,20,Male,GCE 'A' Levels,Malaysia,Chinese,,Singapore,Yes,"Chinese,Malay",
354,R_2Em0e9fRcfmJ1K3,EN,20,Male,GCE 'A' Levels,Malaysia,Chinese,,Singapore,Yes,"Chinese,Malay",
3825,R_2VJi6E9XM7jDnLa,EN,20,Male,GCE 'A' Levels,Malaysia,Chinese,,Singapore,Yes,"Chinese,Malay",
1046,R_UaqcMz4PTycXWaR,EN,19,Female,GCE 'A' Levels,Singapore,Other,Filipino,Singapore,Yes,"Chinese,Other",Tagalog
953,R_2VIyC61PrgjXI4N,EN,20,Female,GCE 'A' Levels,Singapore,Chinese,,Singapore,Yes,Chinese,
626,R_1rCAiY4Kbrsg7TN,EN,22,Female,GCE 'A' Levels,Singapore,Chinese,,Singapore,Yes,Chinese,
907,R_p6OYmDWkEuQ1ze9,EN,20,Female,GCE 'A' Levels,Singapore,Chinese,,Singapore,Yes,Chinese,
702,R_2qpHs8dNUOZTbkd,EN,23,Female,Bachelors Degree,Singapore,Chinese,,Singapore,Yes,Chinese,
3703,R_2CjhBe9J03f7vSG,EN,20,Female,GCE 'A' Levels,Singapore,Chinese,,Singapore,Yes,"Chinese,Spanish",
1513,R_3NP6DDp8HOI3Wi5,EN,19,Female,GCE 'A' Levels,Singapore,Chinese,,Singapore,Yes,Chinese,
428,R_0GGHOPOEo6piGiJ,EN,20,Female,GCE 'A' Levels,Singapore,Chinese,,Singapore,Yes,Chinese,
1297,R_1DSwCtDLyvjmNPC,EN,23,Male,GCE 'A' Levels,Singapore,Chinese,,Singapore,Yes,Chinese,
775,R_3HjZTr5NqRFbK9R,EN,23,Male,GCE 'A' Levels,Singapore,Chinese,,Singapore,Yes,Chinese,
1065,R_WrQe8lmgUQthBNT,EN,21,Female,GCE 'A' Levels,Singapore,Chinese,,Singapore,Yes,Chinese,
406,R_2CQc0tUbUiVR20E,EN,20,Male,GCE 'A' Levels,Malaysia,Chinese,,Singapore,Yes,"Chinese,Malay",
12420,R_1NEAZxzex0LSSqM,EN,21,Female,GCE 'A' Levels,Singapore,Chinese,,Singapore,No,Chinese,
642,R_1pzpB7cz87m8TMA,EN,22,Male,GCE 'A' Levels,Singapore,Indian,,Singapore,Yes,Hindi,
1080,R_bxBMLUihcdB1oZz,EN,22,Female,GCE 'A' Levels,Singapore,Chinese,,Singapore,Yes,"Chinese,Other",Cantonese
3068,R_1GCtROVBfRxLWAc,EN,22,Female,GCE 'A' Levels,Singapore,Chinese,,Singapore,Yes,Chinese,
391,R_2dJQlP02BUHj2ST,EN,20,Female,GCE 'A' Levels,Singapore,Chinese,,Singapore,Yes,Chinese,
573,R_TuOWpykq6CBdaQ9,EN,22,Female,Bachelors Degree,Singapore,Chinese,,Singapore,Yes,Chinese,
601,R_41NNdCJctMSfPDb,EN,28,Male,PhD,Singapore,Chinese,,Singapore,Yes,Chinese,
64240,R_56e0p3StNvLoGQx,EN,21,Female,Polytechnic Diploma,Singapore,Chinese,,Singapore,Yes,"Chinese,Korean",
528,R_2QMtCAl7gVttNKV,EN,22,Female,Polytechnic Diploma,Singapore,Malay,,Singapore,Yes,Malay,
402,R_1lmfQWY7kc3Skwi,EN,22,Female,Polytechnic Diploma,Singapore,Malay,,Singapore,Yes,Malay,
32104,R_1GylZrqjMmxf1WO,EN,23,Female,GCE 'A' Levels,Singapore,Chinese,,Singapore,Yes,"Chinese,Bahasa Indonesia,Other",Hokkien
601,R_3LdvNKyg2Igdbnz,EN,20,Female,GCE 'A' Levels,Singapore,Chinese,,Singapore,Yes,"Chinese,Japanese",
1900,R_vvGrrEC3sJ4xQat,EN,24,Male,GCE 'A' Levels,Singapore,Chinese,,Singapore,Yes,"Chinese,Japanese",
748,R_1f2Z0hJBSxhZhSx,EN,20,Female,GCE 'A' Levels,Singapore,Chinese,,Singapore,Yes,Chinese,
1782,R_2QR1Wdn0IZ7KfI4,EN,19,Female,GCE 'A' Levels,Singapore,Chinese,,Singapore,Yes,Chinese,
675,R_2417vUKh1Dkr4QC,EN,23,Female,Polytechnic Diploma,Singapore,Chinese,,Singapore,Yes,Chinese,
1403,R_3lreyZW314Jgngx,EN,23,Female,GCE 'A' Levels,Singapore,Chinese,,Singapore,Yes,Chinese,
1591,R_2Xjl6WZ3Y6vI7LD,EN,23,Female,GCE 'A' Levels,Singapore,Chinese,,Singapore,Yes,Chinese,
530,R_bPF80Rmiszcn4Qx,EN,27,Male,Bachelors Degree,Singapore,Chinese,,Singapore,Yes,Chinese,
594,R_1rxhwGaUpUhpIXV,EN,21,Female,GCE 'A' Levels,Singapore,Chinese,,Singapore,Yes,"Chinese,Spanish",
1450,R_1LOuyHBhDb8z5Mi,EN,21,Female,GCE 'A' Levels,Singapore,Chinese,,Singapore,Yes,Chinese,
851,R_5akH4fcf5uiGKJ3,EN,23,Female,GCE 'A' Levels,Singapore,Chinese,,Singapore,Yes,Chinese,
465,R_3kFVwqQ3hJQ7RHj,EN,22,Female,GCE 'A' Levels,Singapore,Chinese,,Singapore,Yes,Chinese,
637,R_24NS3LgPJrJg8x6,EN,20,Female,GCE 'A' Levels,Singapore,Chinese,,Singapore,Yes,Chinese,
551,R_5pU48OYSgGsNp4t,EN,21,Male,GCE 'A' Levels,Malaysia,Chinese,,Singapore,Yes,"Chinese,Malay,German,Japanese",
831,R_2XdmAdUb1UmAqTi,EN,23,Female,GCE 'A' Levels,Singapore,Chinese,,Singapore,Yes,Chinese,
1091,R_3PnwPQJYVA0eXre,EN,20,Female,GCE 'A' Levels,Singapore,Chinese,,Singapore,Yes,Chinese,
443,R_UXzlZUJFYx69g2Z,EN,23,Female,Bachelors Degree,Singapore,Chinese,,Singapore,Yes,Chinese,
895,R_2EozRyku35xcAQ5,EN,20,Female,GCE 'A' Levels,Singapore,Chinese,,Singapore,Yes,"Chinese,Thai,Other",Dialect-Hokkien
1041,R_2SJLuN8x9rchYeO,EN,20,Female,GCE 'A' Levels,Singapore,Chinese,,Singapore,Yes,Chinese,
1010,R_1Fn8eHuSXxQINQh,EN,22,Female,GCE 'A' Levels,Singapore,Chinese,,Singapore,Yes,"Chinese,Malay,Korean",
826,R_rkCCBtMEyontjtn,EN,20,Female,GCE 'A' Levels,Singapore,Malay,,Singapore,Yes,Malay,
697,R_VVAcvPrdchs6OUF,EN,19,Female,GCE 'A' Levels,Singapore,Chinese,,Singapore,Yes,Chinese,
801,R_0dB80rMgMlHxIYN,EN,21,Female,GCE 'A' Levels,Singapore,Chinese,,Singapore,Yes,Chinese,
1855,R_d6Y1elx6jFoBwwV,EN,21,Female,Polytechnic Diploma,Singapore,Chinese,,Singapore,Yes,Chinese,
1273,R_30c8xsfQau76Fsl,EN,24,Female,Bachelors Degree,Myanmar,Other,Burmese,Singapore,Yes,"French,Other",Burmese
8317,R_OdMhaRRb60tzq1j,EN,22,Female,GCE 'A' Levels,Singapore,Chinese,,Singapore,Yes,"Chinese,Spanish,Korean",
698,R_30vMNefhEfhIcEM,EN,24,Male,Bachelors Degree,Singapore,Chinese,,Singapore,Yes,"Chinese,German",
699,R_2pYVRwaqxMomXLr,EN,23,Female,GCE 'A' Levels,Singapore,Chinese,,Singapore,Yes,"Chinese,German",
1015,R_10wt57yUBo8rPGS,EN,20,Female,GCE 'A' Levels,Singapore,Chinese,,Singapore,Yes,Chinese,
1232,R_1OYWfy15lLfpIff,EN,23,Female,GCE 'A' Levels,Singapore,Indian,,Singapore,Yes,Tamil,
1972,R_1NwYuCGlzNGNYsu,EN,20,Female,GCE 'A' Levels,Singapore,Indian,,Singapore,Yes,Hindi,
25533,R_1E4pXZlkTNf55lN,EN,24,Male,GCE 'A' Levels,Singapore,Chinese,,Singapore,Yes,"Chinese,Malay,Korean",
663,R_3eehH45AcqiRV5v,EN,21,Male,GCE 'A' Levels,Singapore,Chinese,,Singapore,Yes,Chinese,
1078,R_czH0u1kaDLcb3O1,EN,21,Female,GCE 'A' Levels,Singapore,Malay,,Singapore,Yes,"Malay,Korean",
367,R_sk8V847ewPOwWAh,EN,23,Female,Bachelors Degree,Singapore,Chinese,,Singapore,Yes,Chinese,
1330,R_1NwDPcQdxy2CvGU,EN,19,Female,GCE 'A' Levels,Singapore,Chinese,,Singapore,Yes,Chinese,
925,R_domIopZ9HMKrEzf,EN,22,Male,GCE 'A' Levels,Singapore,Chinese,,Singapore,Yes,Chinese,
528,R_VW4FbcUiwAKcHjH,EN,20,Female,GCE 'A' Levels,Singapore,Chinese,,Singapore,No,Chinese,
806,R_2vYOGLkZPRX3YUb,EN,19,Female,GCE 'A' Levels,Singapore,Chinese,,Singapore,Yes,"Chinese,Korean",
658,R_3J8IT5oRvAdd8v2,EN,20,Female,GCE 'A' Levels,Malaysia,Chinese,,Singapore,Yes,Chinese,
558,R_2bOe0pX9ehyK2Sf,EN,23,Female,GCE 'A' Levels,Singapore,Chinese,,Singapore,Yes,Chinese,
533,R_1fa8xTHkDJPKRy5,EN,20,Female,GCE 'A' Levels,Singapore,Chinese,,Singapore,Yes,Chinese,
1283,R_2dR5Sch2oevPW0y,EN,20,Female,GCE 'A' Levels,Singapore,Chinese,,Singapore,Yes,Chinese,
579,R_PtfUck1x9xUKZjP,EN,24,Male,GCE 'A' Levels,Australia,Chinese,,Singapore,Yes,Chinese,
890,R_2CCIjltUazM2rr8,EN,23,Female,GCE 'A' Levels,Singapore,Indian,,Singapore,Yes,Tamil,
753,R_3QQ5GN3W2BPs47b,EN,23,Female,Bachelors Degree,Singapore,Chinese,,Singapore,Yes,Chinese,
711,R_3371ZFkNsvlWiMm,EN,21,Female,GCE 'A' Levels,Singapore,Chinese,,Singapore,Yes,"Chinese,Japanese",
891,R_RIFFkVun5Uo0uA1,EN,24,Male,GCE 'A' Levels,Singapore,Chinese,,Singapore,Yes,"Chinese,Japanese,Korean",
567,R_Y54DiY1a41brGtb,EN,23,Female,Bachelors Degree,Singapore,Chinese,,Singapore,Yes,Chinese,
416,R_bq0bVmFtlcUMtMt,EN,22,Female,GCE 'A' Levels,Singapore,Chinese,,Singapore,Yes,Chinese,
506,R_SW5yTPa4Hyzvpm1,EN,20,Female,GCE 'A' Levels,Singapore,Chinese,,Singapore,Yes,"Chinese,Korean",
648,R_UtJa1y1YnfTc31T,EN,20,Female,GCE 'A' Levels,Singapore,Chinese,,Singapore,Yes,Chinese,
812,R_1KwHfUvJJcPWVAR,EN,19,Female,GCE 'A' Levels,Singapore,Chinese,,Singapore,Yes,Chinese,
615,R_2D5LSKxpN9KerHU,EN,24,Male,GCE 'A' Levels,Singapore,Chinese,,Singapore,Yes,Chinese,
765,R_urASbjNvufjMqxX,EN,22,Female,Bachelors Degree,Singapore,Chinese,,Singapore,Yes,Chinese,
615,R_TvH33XdmXs6gAw1,EN,22,Female,GCE 'A' Levels,Singapore,Chinese,,Singapore,Yes,Chinese,
1109,R_12SbmxVuLTp5kMg,EN,22,Male,GCE 'A' Levels,India,Indian,,Singapore,Yes,Tamil,
879,R_1jqRD8XV2ezVx57,EN,24,Female,Bachelors Degree,Singapore,Chinese,,Singapore,Yes,Chinese,
860,R_yqKpBKycUeRH7JT,EN,24,Female,Bachelors Degree,Singapore,Chinese,,Singapore,No,Chinese,
1650,R_NUNC5TWEQYDqufT,EN,25,Male,Bachelors Degree,Singapore,Chinese,,Singapore,Yes,"Chinese,Malay,Other",Baba Malay and some Cantonese
819,R_pKtWbU1zk7mRVSx,EN,23,Female,Bachelors Degree,Singapore,Chinese,,Singapore,Yes,"Chinese,Other","Hokkien, Cantonese"
1014,R_2A1268oFwzpKDRG,EN,23,Female,GCE 'A' Levels,Singapore,Chinese,,Singapore,Yes,Chinese,
1803,R_WfEtAbJQN8VyJJn,EN,23,Female,Bachelors Degree,Malaysia,Chinese,,Singapore,Yes,Chinese,
646,R_3JDXeVy01gJAIKo,EN,21,Female,Polytechnic Diploma,Singapore,Chinese,,Singapore,Yes,Chinese,
808,R_1OSLdbmLTPC7hMy,EN,23,Female,GCE 'A' Levels,Brunei Darussalam,Chinese,,Singapore,Yes,Chinese,
600,R_1msAPCCDDAkAv4t,EN,23,Female,GCE 'A' Levels,Singapore,Chinese,,Singapore,Yes,Chinese,
1946,R_1Ivl0RUsjzhbjyY,EN,24,Female,Bachelors Degree,Singapore,Chinese,,Singapore,Yes,Chinese,
1052,R_3E9ZL7EDfnBvAHO,EN,23,Male,GCE 'A' Levels,Singapore,Chinese,,Singapore,Yes,Chinese,
653,R_6okpj6cSKOPz0pb,EN,21,Female,Bachelors Degree,Singapore,Chinese,,Singapore,Yes,"Chinese,French,Japanese",
785,R_3qJ6KAY2FAialuE,EN,21,Male,GCE 'A' Levels,Singapore,Chinese,,Singapore,Yes,Chinese,
6418,R_1LpzcFI2IgTQxKq,EN,24,Female,GCE 'A' Levels,Singapore,Chinese,,Singapore,Yes,"Chinese,French",
643,R_sL5ftTVlbmS1Qw9,EN,24,Male,GCE 'A' Levels,Singapore,Chinese,,Singapore,Yes,"Chinese,Bahasa Indonesia",
704,R_21A0vXmyNGPdjgO,EN,23,Female,Bachelors Degree,United States of America,Chinese,,Singapore,Yes,"Chinese,Other",Cantonese
727,R_2rTlN5QcK100Uy5,EN,20,Female,GCE 'A' Levels,Singapore,Chinese,,Singapore,Yes,Chinese,
340,R_d6agShGe8HDAxB7,EN,25,Male,Polytechnic Diploma,Singapore,Chinese,,Singapore,Yes,"Chinese,Japanese",
737,R_3PcwhPPMCHPQLpV,EN,21,Female,GCE 'A' Levels,Singapore,Chinese,,Singapore,Yes,Chinese,
475,R_2PgJ9DbdRTrNNjY,EN,22,Female,Polytechnic Diploma,Malaysia,Chinese,,Singapore,Yes,Chinese,
509,R_3JaNrhfG3AE7atK,EN,22,Male,Bachelors Degree,Singapore,Chinese,,Singapore,Yes,Chinese,
894,R_b3Im3z3FJfB7X2h,EN,23,Female,Bachelors Degree,Singapore,Chinese,,Singapore,Yes,Chinese,
804,R_1Fg08ijinOJA8Cu,EN,21,Female,Polytechnic Diploma,Indonesia,Chinese,,Singapore,Yes,"Chinese,Bahasa Indonesia",
474,R_3ElOPZ1DlABkrlf,EN,21,Female,GCE 'A' Levels,Singapore,Chinese,,Singapore,Yes,Chinese,
1542,R_9nQZ3Jjc9qdkKHv,EN,23,Male,GCE 'A' Levels,Singapore,Chinese,,Singapore,Yes,Chinese,
629,R_WjnOpCM34K1Nm7v,EN,23,Male,GCE 'A' Levels,Singapore,Chinese,,Singapore,Yes,Chinese,
640,R_1jjDQGgs1MdnjT7,EN,21,Female,GCE 'A' Levels,Singapore,Chinese,,Singapore,Yes,Chinese,
789,R_A4ir3rSys9HbNuN,EN,20,Female,GCE 'A' Levels,Singapore,Chinese,,Singapore,Yes,"Chinese,Japanese,Other","(very very very rudimentary almost nonexistent: Malay, some Romance languages)"
1605,R_2eOPxE5OgDKGS2H,EN,19,Female,GCE 'A' Levels,Singapore,Chinese,,Singapore,Yes,Chinese,
1101,R_2tzAf1DVbSIKsi6,EN,23,Female,GCE 'A' Levels,Singapore,Chinese,,Singapore,Yes,Chinese,
790,R_2zOzk8kkBLT2GYd,EN,23,Female,GCE 'A' Levels,Singapore,Chinese,,Singapore,Yes,Chinese,
494,R_1INwypPClqxNYsV,EN,22,Female,GCE 'A' Levels,Singapore,Chinese,,Singapore,Yes,Chinese,
1276,R_1E57QLRCGsZRegg,EN,20,Female,GCE 'A' Levels,Singapore,Chinese,,Singapore,Yes,Chinese,
1206,R_1rrdeAv4h9Q1WWJ,EN,22,Male,GCE 'A' Levels,Singapore,Chinese,,Singapore,Yes,"Chinese,Japanese",
1113,R_3h3ckGpkWHfL5hi,EN,24,Male,Bachelors Degree,Singapore,Chinese,,Singapore,Yes,Chinese,
438,R_1OkSGNZ4kswPXEm,EN,22,Female,Bachelors Degree,Singapore,Chinese,,Singapore,Yes,"Chinese,Korean",
639,R_1l9wV3j5YDhoCdC,EN,19,Female,GCE 'A' Levels,Singapore,Chinese,,Singapore,Yes,Chinese,
612,R_1Qlxr0ugQu8LWx1,EN,19,Male,GCE 'A' Levels,Tajikistan,Chinese,,Singapore,No,Chinese,
491,R_2zLJvMR654QcjGe,EN,23,Female,GCE 'A' Levels,Singapore,Chinese,,Singapore,Yes,Chinese,
509,R_3kAGqdKl9M7LhnB,EN,22,Male,GCE 'A' Levels,Singapore,Chinese,,Singapore,Yes,Chinese,
1188,R_2aPv3NUFdAkzf1j,EN,19,Female,GCE 'A' Levels,Singapore,Chinese,,Singapore,Yes,Chinese,
1252,R_3nkgvENfaLoMPTa,EN,20,Female,GCE 'A' Levels,Singapore,Chinese,,Singapore,Yes,Chinese,
3126,R_2aRjxrgTWGbbvCR,EN,19,Female,GCE 'A' Levels,Singapore,Chinese,,Singapore,Yes,Chinese,
975,R_2TZeIdOLNiycCor,EN,24,Female,Bachelors Degree,Singapore,Chinese,,Singapore,Yes,Chinese,
714,R_2CDNLl7C33Lfc99,EN,23,Female,Bachelors Degree,Singapore,Chinese,,Singapore,Yes,"Chinese,Malay,Japanese,Korean",
461,R_1dHyQwy4g4nD4Y8,EN,23,Male,GCE 'A' Levels,Singapore,Chinese,,Singapore,Yes,Chinese,
1150,R_2xMigzZMYEtIc76,EN,22,Female,Bachelors Degree,Singapore,Chinese,,Singapore,Yes,"Chinese,Other",cantonese 
630,R_25A7ah4ef9atWJG,EN,20,Male,GCE 'A' Levels,Malaysia,Chinese,,Singapore,Yes,"Chinese,Malay",
2082,R_3MSRq20mTOgQrBe,EN,20,Male,GCE 'A' Levels,Malaysia,Chinese,,Singapore,Yes,"Chinese,Malay",
809,R_3Pi40mf0dIC8sLy,EN,20,Male,GCE 'A' Levels,Malaysia,Chinese,,Singapore,Yes,"Chinese,Malay",
352,R_2CeozPIatb4yjFe,EN,20,Male,GCE 'A' Levels,Malaysia,Chinese,,Singapore,Yes,"Chinese,Malay",
8319,R_1CCpl58tyclFrzI,EN,20,Male,GCE 'A' Levels,Malaysia,Chinese,,Singapore,Yes,"Chinese,Malay",
436,R_3iL1FuSe7U2tknQ,EN,20,Male,GCE 'A' Levels,Malaysia,Chinese,,Singapore,Yes,"Chinese,Malay",
442,R_SUku5iqZuHbnHd7,EN,20,Male,GCE 'A' Levels,Malaysia,Chinese,,Singapore,Yes,"Chinese,Malay",
337,R_1QJyKYznrbioqyp,EN,20,Male,GCE 'A' Levels,Malaysia,Chinese,,Singapore,Yes,"Chinese,Malay",
758,R_3khKvR0Du8laVHz,EN,20,Male,GCE 'A' Levels,Malaysia,Chinese,,Singapore,Yes,"Chinese,Malay",
2437,R_2tnTvaa2WSbmCPq,EN,20,Male,GCE 'A' Levels,Malaysia,Chinese,,Singapore,Yes,"Chinese,Malay",
1028,R_2u7e3FQZ4Ov1kkN,EN,20,Female,GCE 'A' Levels,Singapore,Chinese,,Singapore,Yes,"Chinese,Spanish,Japanese",
380,R_3nebQT9QVfjxJHO,EN,21,Female,GCE 'A' Levels,Singapore,Chinese,,Singapore,Yes,Chinese,
2418,R_1mxeaNNNOI6A4CL,EN,20,Male,GCE 'A' Levels,Malaysia,Chinese,,Singapore,Yes,"Chinese,Malay",
2882,R_10PFyieVU6plp8D,EN,20,Male,GCE 'A' Levels,Malaysia,Chinese,,Singapore,Yes,"Chinese,Malay",
642,R_yOaoLHblOWxFdnP,EN,20,Male,GCE 'A' Levels,Malaysia,Chinese,,Singapore,Yes,"Chinese,Malay",
4477,R_1QzsY80Fl6DKSKe,EN,20,Male,GCE 'A' Levels,Malaysia,Chinese,,Singapore,Yes,"Chinese,Malay",
257,R_3MokFyGSMT2BXwt,EN,21,Male,GCE 'A' Levels,Singapore,Chinese,,Singapore,Yes,Chinese,
382,R_73ASMHC2hsB0H3b,EN,23,Male,GCE 'A' Levels,Singapore,Chinese,,Singapore,Yes,Chinese,
2349,R_sCmU9SmQIFFMWaZ,EN,24,Male,GCE 'A' Levels,Indonesia,Chinese,,Singapore,Yes,"Chinese,Spanish,Bahasa Indonesia",
642,R_0urjvUTvvTQpzS9,EN,25,Male,Bachelors Degree,Singapore,Chinese,,Singapore,Yes,Chinese,
817,R_1rdWKrK1zUupSVR,EN,20,Female,GCE 'A' Levels,Singapore,Chinese,,Singapore,Yes,Chinese,
1261,R_DzWwD66uG1VexqN,EN,20,Female,GCE 'A' Levels,Australia,Other,Eurasian,Singapore,Yes,"Chinese,French",
630,R_1gLPdpAHqs8vAjq,EN,21,Female,GCE 'A' Levels,Singapore,Chinese,,Singapore,Yes,Chinese,
610,R_2qgTrw7TV6efo7J,EN,20,Female,GCE 'A' Levels,Singapore,Chinese,,Singapore,Yes,Chinese,
2023,R_Ubx07xtk8LHb28h,EN,22,Male,GCE 'N'/'O' Levels,Singapore,Chinese,,Singapore,Yes,Chinese,
483,R_4OT4RboeF29Wsq5,EN,19,Female,GCE 'A' Levels,Singapore,Chinese,,Singapore,Yes,Chinese,
1213,R_9yHbMvQIeEqlyLv,EN,19,Female,GCE 'A' Levels,Singapore,Chinese,,Singapore,Yes,Chinese,
2585,R_d0zwt9aRTkyCFBT,EN,25,Female,Bachelors Degree,Singapore,Chinese,,Singapore,Yes,Chinese,
646,R_2PuINfT3RNaAz6I,EN,20,Female,GCE 'A' Levels,Singapore,Chinese,,Singapore,Yes,Chinese,
427,R_1E6tQ2DIYhzNbdU,EN,22,Female,Polytechnic Diploma,Singapore,Chinese,,Singapore,Yes,Chinese,
466,R_1NrWm0zCupFMbhu,EN,20,Female,GCE 'A' Levels,Singapore,Chinese,,Singapore,Yes,Chinese,
681,R_3HAeVDoPoU7FdHm,EN,22,Female,GCE 'A' Levels,Singapore,Chinese,,Singapore,Yes,Chinese,
519,R_29hsClkCLv4JVbm,EN,21,Male,GCE 'A' Levels,Singapore,Chinese,,Singapore,Yes,Chinese,
718,R_UinvWZJtn1qd1K1,EN,19,Female,GCE 'A' Levels,Singapore,Chinese,,Singapore,Yes,Chinese,
609,R_3sc9hp2qKRx9vVN,EN,21,Female,GCE 'A' Levels,Singapore,Chinese,,Singapore,Yes,Chinese,
1090,R_0HBv3iNa9M2EsRr,EN,21,Female,GCE 'A' Levels,Singapore,Chinese,,Singapore,Yes,Chinese,
1242,R_3sdlrcj9LZ8zH6I,EN,24,Female,Polytechnic Diploma,Singapore,Chinese,,Singapore,Yes,Chinese,
750,R_Z4DXSP4H5QEWgX7,EN,25,Male,Polytechnic Diploma,Singapore,Chinese,,Singapore,Yes,Chinese,
623,R_10pHaHA1dnp9eqb,EN,19,Female,GCE 'A' Levels,Singapore,Chinese,,Singapore,Yes,Chinese,
3361,R_3OfzuCuDm9qFPj9,EN,21,Female,GCE 'A' Levels,Singapore,Chinese,,Singapore,Yes,"Chinese,Malay,Bahasa Indonesia",
894,R_d5nwQgE72O1EtuV,EN,21,Male,GCE 'A' Levels,Singapore,Other,Ceylonese,Singapore,Yes,,
9294,R_3R6CHV1dwWgzE77,EN,22,Male,GCE 'A' Levels,Singapore,Chinese,,Singapore,Yes,Chinese,
4698,R_3CBji3MosjCtfZx,EN,23,Female,GCE 'A' Levels,Philippines,Other,Filipino,Singapore,Yes,,
718,R_2ck1up8bvdWgwbw,EN,23,Male,GCE 'A' Levels,Singapore,Chinese,,Singapore,Yes,Chinese,
2097,R_22RnraB9HAZ4t78,EN,18,Female,GCE 'A' Levels,Singapore,Other,Eurasian,Singapore,Yes,Chinese,
462,R_3MPxuomnsujwCLV,EN,19,Female,GCE 'A' Levels,Malaysia,Chinese,,Singapore,Yes,Chinese,
525,R_2TBLnsi8WcSgk8A,EN,22,Male,GCE 'A' Levels,Singapore,Chinese,,Singapore,Yes,Chinese,
1828,R_1r6bYWTgmsKUSOn,EN,22,Female,GCE 'A' Levels,Singapore,Indian,,Singapore,Yes,Tamil,
560,R_2EtlUDEM8S9ZWQd,EN,20,Female,GCE 'A' Levels,Singapore,Indian,,Singapore,Yes,Tamil,
478,R_30bN4fS5FsMYGGw,EN,21,Male,GCE 'A' Levels,Singapore,Chinese,,Singapore,Yes,Chinese,
290,R_1N4zIy08PulAh9l,EN,23,Male,GCE 'A' Levels,Singapore,Chinese,,Singapore,Yes,Chinese,
16092,R_3HSvicTQWrvqhfd,EN,22,Male,GCE 'A' Levels,Singapore,Chinese,,Singapore,Yes,Chinese,
349,R_2YED8cs42YoYKOX,EN,20,Female,GCE 'A' Levels,Singapore,Chinese,,Singapore,Yes,Chinese,
696,R_1ml5PbluqPhsUuP,EN,20,Female,GCE 'A' Levels,India,Indian,,Singapore,Yes,"Tamil,Hindi",
915,R_3LgPreQG0d8bQ2K,EN,21,Female,GCE 'A' Levels,Singapore,Chinese,,Singapore,Yes,Chinese,
820,R_1i4erCYOhQvSzay,EN,20,Male,GCE 'A' Levels,Singapore,Chinese,,Singapore,Yes,Chinese,
909,R_1LTGUIeX41YDypg,EN,19,Female,GCE 'A' Levels,Singapore,Chinese,,Singapore,Yes,"Chinese,Korean",
1205,R_2wpfyo4w7oXYQqR,EN,23,Female,GCE 'A' Levels,Singapore,Chinese,,Singapore,Yes,Chinese,
792,R_3oGz2hdWbdmGgSP,EN,21,Female,GCE 'A' Levels,Singapore,Malay,,Singapore,Yes,Malay,
724,R_ZeIZTgoBSN1d7fX,EN,23,Female,Bachelors Degree,Singapore,Chinese,,Singapore,Yes,Chinese,
538,R_1k1YLLO7T0KzHmY,EN,24,Male,Bachelors Degree,Singapore,Chinese,,Singapore,Yes,Chinese,
625,R_AutSpOGvVUNjwIx,EN,19,Female,GCE 'A' Levels,Singapore,Chinese,,Singapore,Yes,"Chinese,German",
718,R_TknCagvF8Jq4P9D,EN,27,Female,Polytechnic Diploma,Singapore,Malay,,Singapore,Yes,"Malay,Arabic,Bahasa Indonesia",
693,R_3es1804H35EDWiV,EN,22,Female,Polytechnic Diploma,Singapore,Chinese,,Singapore,Yes,Chinese,
1101,R_2TphrSk2hA9TZbT,EN,21,Female,GCE 'A' Levels,Singapore,Chinese,,Singapore,Yes,Chinese,
361,R_1hMC5bPtRws2AGE,EN,22,Female,Bachelors Degree,Singapore,Chinese,,Singapore,Yes,Chinese,
1109,R_2zHoftOZLJWk5Nt,EN,22,Female,Bachelors Degree,Singapore,Chinese,,Singapore,Yes,"Chinese,Japanese",
599,R_3MfmVtRB0Xe3ekq,EN,21,Female,GCE 'A' Levels,Singapore,Chinese,,Singapore,Yes,Chinese,
2273,R_3rIe44U9M65rkY2,EN,24,Male,Bachelors Degree,Singapore,Chinese,,Singapore,Yes,Chinese,
524,R_2n5vgToZKfzIyNH,EN,23,Female,Bachelors Degree,Singapore,Chinese,,Singapore,Yes,"Chinese,Spanish",
471,R_3G2geQK9E9BDP9R,EN,21,Female,GCE 'A' Levels,Singapore,Chinese,,Singapore,Yes,Chinese,
430,R_2QLmx8EDA2fLzPy,EN,22,Male,GCE 'A' Levels,Singapore,Chinese,,Singapore,Yes,Chinese,
643,R_UEnMh73z12Q8J9v,EN,25,Male,Polytechnic Diploma,Singapore,Chinese,,Singapore,Yes,"Chinese,Malay",
832,R_1o854jWESjLfe8o,EN,22,Female,GCE 'A' Levels,Singapore,Chinese,,Singapore,Yes,Chinese,
771,R_2fepO70lXbcGCa8,EN,20,Female,GCE 'A' Levels,Singapore,Chinese,,Singapore,Yes,Chinese,
719,R_3mZWesr5i6eCe2A,EN,20,Female,GCE 'A' Levels,Singapore,Chinese,,Singapore,Yes,"Chinese,Korean",
793,R_zSfsJ9dxtSt3I8F,EN,19,Female,GCE 'A' Levels,Singapore,Chinese,,Singapore,Yes,"Chinese,Japanese,Korean",
1155,R_3PNZcQjIBlNlx4a,EN,22,Female,Bachelors Degree,Singapore,Chinese,,Singapore,Yes,Chinese,
456,R_qI3ZNzxkzarqWpH,EN,21,Male,GCE 'A' Levels,Singapore,Chinese,,Singapore,Yes,Chinese,
394,R_1jj1Xs59RTO8IQi,EN,22,Male,GCE 'A' Levels,Singapore,Chinese,,Singapore,Yes,Chinese,
1014,R_a5W9zl1Ut9ojFo5,EN,21,Female,GCE 'A' Levels,Singapore,Chinese,,Singapore,Yes,Chinese,
544,R_1JVqDH05eyTkATI,EN,23,Female,Bachelors Degree,Singapore,Chinese,,Singapore,Yes,Chinese,
858,R_02DWdK8WEAYFKwh,EN,21,Female,GCE 'A' Levels,Singapore,Chinese,,Singapore,Yes,"Chinese,Thai",
1057,R_1IMffe5kBSSw2UC,EN,23,Male,GCE 'A' Levels,Singapore,Chinese,,Singapore,Yes,Chinese,
718,R_3FPqbs88eOT0lvo,EN,22,Female,GCE 'A' Levels,Singapore,Chinese,,Singapore,Yes,"Chinese,Malay",
693,R_3PZ5BfHlfmozUrL,EN,25,Male,Bachelors Degree,Singapore,Chinese,,Singapore,Yes,"Chinese,Korean",
953,R_2xQ8R0z1SyV5zhf,EN,21,Female,GCE 'A' Levels,Singapore,Chinese,,Singapore,Yes,Chinese,
817,R_3qrsmI5N84qkY3u,EN,21,Female,GCE 'A' Levels,Singapore,Chinese,,Singapore,Yes,Chinese,
1277,R_3sb0YaJYdZoJj7i,EN,23,Female,GCE 'A' Levels,Singapore,Chinese,,Singapore,Yes,"Chinese,German",
989,R_1PSI3xviKuU2Bdo,EN,23,Male,GCE 'A' Levels,Singapore,Chinese,,Singapore,Yes,Chinese,
596,R_dhQqLEx7gsPPHWN,EN,22,Female,GCE 'A' Levels,Singapore,Chinese,,Singapore,Yes,"Chinese,Japanese",
6032,R_2alyS7cVJ48t1Q1,EN,23,Male,GCE 'A' Levels,Australia,Chinese,,Singapore,Yes,Chinese,
931,R_1g7JLX3zFrZVzxV,EN,20,Female,GCE 'A' Levels,Singapore,Chinese,,Singapore,Yes,Chinese,
1040,R_1oAvbn00QxXBzb9,EN,20,Female,GCE 'A' Levels,Singapore,Chinese,,Singapore,Yes,Chinese,
625,R_1jeV4vNeOtDgyWp,EN,20,Female,GCE 'A' Levels,Singapore,Chinese,,Singapore,Yes,"Chinese,German,Bahasa Indonesia",
554,R_2TH0bI9C005ziPf,EN,22,Male,GCE 'A' Levels,Singapore,Chinese,,Singapore,Yes,Chinese,
503,R_1GBQwvZU1rOvz1U,EN,24,Male,GCE 'A' Levels,Singapore,Chinese,,Singapore,Yes,Chinese,
593,R_rkDLEVWX32VtOkV,EN,23,Male,Bachelors Degree,India,Indian,,Singapore,Yes,"Tamil,Hindi,Other",Gujarati
504,R_1joEehP2BWxMOS9,EN,25,Male,GCE 'A' Levels,Singapore,Chinese,,Singapore,Yes,Chinese,
745,R_12x4AnUzh3QL3Fh,EN,22,Female,GCE 'A' Levels,Singapore,Chinese,,Singapore,Yes,Chinese,
196,R_27Nk4qj5xlzNGc4,EN,21,Male,Master's Degree,India,Indian,,Singapore,No,Hindi,
451,R_3Rlrqg2t4m4YI7k,EN,20,Female,GCE 'A' Levels,Singapore,Indian,,Singapore,Yes,Hindi,
842,R_3PAixCzrCagRa3w,EN,22,Female,GCE 'A' Levels,Singapore,Chinese,,Singapore,Yes,Chinese,
610,R_3nqQOEDFSBA4Kf7,EN,20,Female,GCE 'A' Levels,Singapore,Chinese,,Singapore,Yes,Chinese,
510,R_2q4c0nJkFADxWci,EN,22,Male,GCE 'A' Levels,Singapore,Chinese,,Singapore,Yes,Chinese,
3240,R_1d5jJPfGgne0sCZ,EN,20,Female,GCE 'A' Levels,Singapore,Chinese,,Singapore,Yes,"Chinese,Other",Cantonese
1252,R_2cBDBciUSYM6h4v,EN,21,Female,GCE 'A' Levels,Singapore,Chinese,,Singapore,Yes,Chinese,
359,R_21zdS3A95TSktrG,EN,23,Female,GCE 'A' Levels,Singapore,Chinese,,Singapore,Yes,Chinese,
572,R_25XVCcUUxJRmZNF,EN,20,Female,GCE 'A' Levels,Singapore,Chinese,,Singapore,Yes,Chinese,
289,R_1FlIs4nPcD6PyqF,EN,23,Female,Bachelors Degree,Singapore,Chinese,,Singapore,Yes,Chinese,
1099,R_2tfiIgQzqDrYWQd,EN,26,Male,Polytechnic Diploma,Singapore,Chinese,,Singapore,Yes,Chinese,
673,R_1hMhFHWB2tca7oB,EN,20,Female,GCE 'A' Levels,Singapore,Chinese,,Singapore,Yes,Chinese,
1039,R_1hKHBgLh8ypTKxQ,EN,23,Male,GCE 'A' Levels,Singapore,Chinese,,Singapore,Yes,Chinese,
1502,R_WAja6Wiqb408IAp,EN,20,Female,GCE 'A' Levels,Singapore,Indian,,Singapore,No,"Malay,Tamil",
2549,R_3sdHElLdG0ktB59,EN,24,Male,Polytechnic Diploma,Singapore,Chinese,,Singapore,Yes,"Chinese,Japanese",
2100,R_1NEbUAoiA0FXhwc,EN,21,Female,GCE 'A' Levels,Singapore,Chinese,,Singapore,Yes,"Chinese,Malay,Korean",
651,R_2ROANZkLWh7YPFy,EN,20,Female,GCE 'A' Levels,Singapore,Chinese,,Singapore,Yes,Chinese,
932,R_WClm4YzfuL2Fs4x,EN,22,Female,GCE 'A' Levels,Singapore,Chinese,,Singapore,Yes,Chinese,
766,R_Ab3kOGqLryio5NL,EN,20,Female,GCE 'A' Levels,Singapore,Chinese,,Singapore,Yes,"Chinese,Malay",
591,R_1mQN8eJU2w4xuO8,EN,23,Male,Polytechnic Diploma,Singapore,Chinese,,Singapore,Yes,Chinese,
554,R_2TLS7oCyJ1N0I6W,EN,22,Male,GCE 'A' Levels,Singapore,Chinese,,Singapore,Yes,Chinese,
882,R_1Ooz1SdnEi4Dnvd,EN,22,Male,GCE 'A' Levels,Singapore,Chinese,,Singapore,Yes,Chinese,
3187,R_2RNYzeDlAavLCEP,EN,21,Female,GCE 'A' Levels,Singapore,Chinese,,Singapore,Yes,"Chinese,Korean,Other",Cantonese
803,R_3h12uEVYLyiO1CV,EN,21,Female,GCE 'A' Levels,Singapore,Chinese,,Singapore,Yes,Chinese,
769,R_2urL8Lr9DHFJiHm,EN,23,Male,GCE 'A' Levels,Singapore,Chinese,,Singapore,Yes,Chinese,
777,R_s73LNr8rlLCU3ZL,EN,19,Female,GCE 'A' Levels,Singapore,Chinese,,Singapore,Yes,Chinese,
510,R_1GO06H7XlwPtN4R,EN,21,Female,GCE 'A' Levels,Singapore,Chinese,,Singapore,Yes,Chinese,
671,R_qPk1ZvVfxXc5aXn,EN,21,Female,GCE 'A' Levels,Philippines,Other,Filipino,Singapore,Yes,Other,Tagalog
1775,R_1H2kiO1AT1jqk78,EN,22,Male,GCE 'A' Levels,Singapore,Chinese,,Singapore,Yes,"Chinese,Japanese",
737,R_1LFyB4EuK0UwcCt,EN,18,Female,GCE 'A' Levels,Singapore,Chinese,,Singapore,Yes,Chinese,
647,R_21aod4ejyJDTLsj,EN,21,Male,GCE 'A' Levels,Singapore,Chinese,,Singapore,Yes,Chinese,
633,R_1eqvplIakkuaoC3,EN,23,Female,Polytechnic Diploma,Singapore,Chinese,,Singapore,Yes,Chinese,
621,R_6LnTFPbhlmV8PPb,EN,21,Female,GCE 'A' Levels,Singapore,Chinese,,Singapore,Yes,Chinese,
488,R_33eWpsW4dXQlG5n,EN,20,Female,GCE 'A' Levels,Singapore,Other,Indian-Chinese,Singapore,Yes,Chinese,
444,R_1FLYKAPcoLRD8zU,EN,22,Female,GCE 'A' Levels,China,Chinese,,Singapore,Yes,"Chinese,French",
589,R_1F8jAtnibfZILTn,EN,22,Female,GCE 'A' Levels,Singapore,Chinese,,Singapore,Yes,"Chinese,Korean",
794,R_1NfxZnw0HyhQZ6l,EN,22,Female,Bachelors Degree,Singapore,Chinese,,Singapore,Yes,Chinese,
565,R_6kVaIINr7xJnwfD,EN,20,Female,GCE 'A' Levels,Singapore,Chinese,,Singapore,Yes,Chinese,
601,R_3GrJRX1UhD6j1Al,EN,21,Male,GCE 'A' Levels,Singapore,Chinese,,Singapore,Yes,Chinese,
778,R_1FQy488AW3q7wrt,EN,20,Female,GCE 'A' Levels,Singapore,Chinese,,Singapore,Yes,"Chinese,Malay,Korean",
1732,R_50zMSCPSjx3W6CR,EN,22,Male,GCE 'A' Levels,Singapore,Chinese,,Singapore,Yes,Chinese,
5493,R_2qCseyJGVSJ2MhK,EN,22,Male,GCE 'A' Levels,Singapore,Chinese,,Singapore,Yes,Chinese,
641,R_ueLfYM7l4pLjjDb,EN,19,Female,GCE 'A' Levels,Singapore,Chinese,,Singapore,Yes,Chinese,
399,R_3Ma3yJVrC8Ob9rE,EN,19,Female,GCE 'A' Levels,Singapore,Chinese,,Singapore,Yes,"Chinese,French",
325,R_2WZtDYxa2jASzCK,EN,22,Male,GCE 'A' Levels,Singapore,Chinese,,Singapore,Yes,Chinese,
1118,R_1Qz3SAlxUWFSxOg,EN,20,Female,GCE 'A' Levels,Singapore,Chinese,,Singapore,Yes,Chinese,
845,R_26gM8CWd5IgrSTl,EN,22,Female,Polytechnic Diploma,Singapore,Chinese,,Singapore,Yes,"Chinese,Japanese",
400,R_1KxLnwv8HmU0eWk,EN,22,Female,GCE 'A' Levels,Singapore,Chinese,,Singapore,Yes,Chinese,
598,R_1GN9iDiYS3IYSp3,EN,23,Male,GCE 'A' Levels,Singapore,Chinese,,Singapore,Yes,Chinese,
414,R_3HBW9u3Av0K805h,EN,25,Male,Bachelors Degree,Singapore,Chinese,,Singapore,Yes,Chinese,
6384,R_BVrX9l5PmskK4JX,EN,20,Female,GCE 'A' Levels,Singapore,Chinese,,Singapore,Yes,Chinese,
594,R_wQQTApulFy6uIIV,EN,22,Female,GCE 'A' Levels,Singapore,Chinese,,Singapore,Yes,Chinese,
498,R_1NEE5wGhkiJ0Nnr,EN,21,Male,GCE 'A' Levels,Singapore,Chinese,,Singapore,Yes,"Chinese,Korean",
678,R_23WcSNckWvzI1sg,EN,21,Female,Bachelors Degree,Singapore,Chinese,,Singapore,Yes,"Chinese,Malay",
585,R_2OIlGvQEjD2uVJU,EN,24,Male,Polytechnic Diploma,Singapore,Chinese,,Singapore,Yes,Chinese,
466,R_2fqydpTGHUHr3jD,EN,23,Female,Bachelors Degree,Singapore,Chinese,,Singapore,Yes,Chinese,
2878,R_DCzbJjdI4aFzqbT,EN,21,Female,Polytechnic Diploma,Singapore,Chinese,,Singapore,Yes,"Chinese,Japanese",
1129,R_sv9i8GicdKPXiGR,EN,26,Male,Bachelors Degree,Singapore,Chinese,,Singapore,No,Chinese,
632,R_2f1YLJf53oyubK0,EN,20,Female,GCE 'A' Levels,Singapore,Chinese,,Singapore,Yes,Chinese,
820,R_38UYwdBqtnFRsnT,EN,21,Female,Bachelors Degree,Singapore,Chinese,,Singapore,Yes,Chinese,
2352,R_1l4dtmjVe99G4uX,EN,22,Male,GCE 'A' Levels,Singapore,Chinese,,Singapore,Yes,Chinese,
517,R_1geEERHS0cWvoxx,EN,22,Female,Bachelors Degree,Singapore,Chinese,,Singapore,Yes,"Chinese,Malay",
2311,R_1Qoxs5r7OC5Sjsu,EN,23,Male,GCE 'A' Levels,Singapore,Chinese,,Singapore,No,Chinese,
427,R_2t9iF7n4kUZku67,EN,21,Female,GCE 'A' Levels,Singapore,Chinese,,Singapore,Yes,Chinese,
777,R_2qwvb5DoChDDqYm,EN,24,Male,GCE 'A' Levels,Singapore,Chinese,,Singapore,Yes,Chinese,
485,R_2Yui0jGmd9h05QC,EN,22,Male,GCE 'A' Levels,Singapore,Chinese,,Singapore,Yes,"Chinese,Japanese",
880,R_1o7lGEZJk52D9V6,EN,24,Male,Polytechnic Diploma,Singapore,Chinese,,Singapore,Yes,Chinese,
774,R_AM46UqO7GvOX7wZ,EN,22,Female,Polytechnic Diploma,Singapore,Chinese,,Singapore,Yes,Chinese,
518,R_3J9Ll0hdFPWPg86,EN,20,Female,GCE 'A' Levels,Singapore,Chinese,,Singapore,Yes,Chinese,
868,R_1QrphqHGaOc8JPa,EN,24,Male,Polytechnic Diploma,Singapore,Chinese,,Singapore,Yes,Chinese,
487,R_1CCwtvWC84Fxslp,EN,24,Male,GCE 'A' Levels,Malaysia,Chinese,,Singapore,Yes,"Chinese,Bahasa Indonesia",
803,R_1DVbxEU0VnwZpgR,EN,22,Female,Polytechnic Diploma,Singapore,Chinese,,Singapore,Yes,Chinese,
582,R_3rYsj42s9YzW7ef,EN,21,Female,GCE 'A' Levels,Singapore,Chinese,,Singapore,Yes,"Chinese,French",
834,R_2SxERad5kYw9Xk1,EN,24,Male,Polytechnic Diploma,Singapore,Chinese,,Singapore,Yes,Chinese,
637,R_2ePfFmkxkMjvroC,EN,22,Female,GCE 'A' Levels,Singapore,Chinese,,Singapore,Yes,Chinese,
957,R_ApJ1x3bSdxyPGtH,EN,22,Female,GCE 'A' Levels,Singapore,Chinese,,Singapore,Yes,Chinese,NIL
654,R_1IMJSmYaAuMLis9,EN,23,Female,GCE 'A' Levels,India,Indian,,Singapore,Yes,Tamil,
778,R_3qPXNOOwGzULqP7,EN,21,Female,GCE 'A' Levels,Singapore,Chinese,,Singapore,Yes,Chinese,
823,R_22G5s6CQhLPolQJ,EN,19,Female,GCE 'A' Levels,Singapore,Chinese,,Singapore,Yes,Chinese,
834,R_1P8feSNESohJxF4,EN,22,Male,GCE 'A' Levels,Singapore,Chinese,,Singapore,Yes,Chinese,
1622,R_24INDOlCtXRu4Lu,EN,21,Female,GCE 'A' Levels,Singapore,Chinese,,Singapore,Yes,Chinese,
2240,R_331lq2wnILftGiR,EN,23,Male,Polytechnic Diploma,Singapore,Chinese,,Singapore,Yes,Chinese,
694,R_0pMoaYzFXH9aug9,EN,21,Female,GCE 'A' Levels,Singapore,Chinese,,Singapore,Yes,Chinese,
544,R_1C7mxXMm4QhC8Rf,EN,19,Female,GCE 'A' Levels,Singapore,Indian,,Singapore,Yes,Tamil,
868,R_3NQZgVIzI6BmLQR,EN,19,Female,GCE 'A' Levels,Singapore,Chinese,,Singapore,Yes,Chinese,
1038,R_2xL9O2H2SuKxY8C,EN,24,Male,GCE 'A' Levels,India,Indian,,Singapore,Yes,Other,Bengali
489,R_9mojrekO6oOiMnv,EN,21,Male,GCE 'A' Levels,Singapore,Chinese,,Singapore,Yes,Chinese,
609,R_saKaUE28NmZpzTr,EN,22,Female,GCE 'A' Levels,Singapore,Chinese,,Singapore,Yes,"Chinese,Korean",
968,R_3spRAv1EEKA2BOY,EN,22,Male,GCE 'A' Levels,India,Indian,,Singapore,No,Tamil,
869,R_2xKL0gsG8NNFArT,EN,23,Female,GCE 'A' Levels,Singapore,Chinese,,Singapore,Yes,Chinese,
728,R_3KqtGDPKJtMIAjn,EN,23,Female,GCE 'A' Levels,Singapore,Chinese,,Singapore,Yes,Chinese,
738,R_5dSewbbiZozy705,EN,22,Female,Polytechnic Diploma,Singapore,Indian,,Singapore,Yes,"Tamil,Korean",
1378,R_1hyTPiBV9eB7Eva,EN,22,Female,GCE 'A' Levels,Singapore,Chinese,,Singapore,Yes,"Chinese,Korean",
1041,R_Duch6npQPb4pdHb,EN,20,Female,GCE 'A' Levels,Singapore,Chinese,,Singapore,Yes,Chinese,
452,R_3ixnPtTPjtHJGe5,EN,22,Male,GCE 'A' Levels,Singapore,Chinese,,Singapore,Yes,Chinese,
943,R_RK6R17B6AWKo42l,EN,23,Male,Bachelors Degree,Singapore,Chinese,,Singapore,Yes,Chinese,
1331,R_OdS8bhdoLj4pCJH,EN,25,Male,GCE 'A' Levels,Singapore,Chinese,,Singapore,Yes,Chinese,
3235,R_9yi8m9qGenILhKN,EN,23,Female,Bachelors Degree,Singapore,Chinese,,Singapore,Yes,Chinese,
594,R_VO9FA5PbVSrsp5n,EN,24,Female,Bachelors Degree,Singapore,Chinese,,Singapore,Yes,Chinese,
746,R_3KJ91ibwlFYnTZU,EN,24,Male,GCE 'A' Levels,Singapore,Chinese,,Singapore,Yes,Japanese,
1354,R_1Km4rjJJC3S7vUS,EN,21,Female,GCE 'A' Levels,Singapore,Chinese,,Singapore,No,Chinese,Chinese
449,R_3Lj9c00pL6OkMT8,EN,19,Female,GCE 'A' Levels,Singapore,Indian,,Singapore,Yes,"Chinese,Tamil,Spanish",
918,R_vP6gavnNElN4H05,EN,24,Male,Polytechnic Diploma,Singapore,Chinese,,Singapore,Yes,Chinese,
3986,R_1Oxb7WoGQJNlw10,EN,22,Female,Polytechnic Diploma,Singapore,Chinese,,Singapore,Yes,Chinese,
940,R_Ptwnaxl2RQrNhT3,EN,22,Male,GCE 'A' Levels,Singapore,Chinese,,Singapore,Yes,Chinese,
2243,R_1LhuYNR8wNKP8Fm,EN,22,Female,GCE 'A' Levels,China,Chinese,,Singapore,No,"Chinese,Japanese",
386,R_SZ76nQJm9qd6G9b,EN,21,Male,GCE 'A' Levels,Singapore,Chinese,,Singapore,Yes,,
606,R_3mmiUZlufsvTHwl,EN,20,Male,GCE 'A' Levels,Indonesia,Malay,,Singapore,No,"Arabic,Bahasa Indonesia",
738,R_tYCMfgIY9j4fUkx,EN,24,Male,Polytechnic Diploma,Singapore,Chinese,,Singapore,Yes,Chinese,
1457,R_WBrQfskkeFnYTId,EN,21,Female,GCE 'A' Levels,Singapore,Chinese,,Singapore,Yes,Chinese,
497,R_Ubysg3Epeaob4at,EN,22,Male,GCE 'A' Levels,Malaysia,Chinese,,Singapore,Yes,"Chinese,Malay",
1118,R_cvj5PJEuR45XAQx,EN,24,Male,Polytechnic Diploma,Singapore,Chinese,,Singapore,Yes,"Chinese,Japanese",
547,R_3GeltTzPvdlTaGH,EN,22,Male,GCE 'A' Levels,Singapore,Chinese,,Singapore,Yes,Chinese,
627,R_cHhq5PRIjTnH02d,EN,23,Female,GCE 'A' Levels,Singapore,Chinese,,Singapore,Yes,Chinese,
1214,R_1hEd5x1ReiYJqRv,EN,25,Male,Bachelors Degree,Singapore,Chinese,,Singapore,Yes,Chinese,
1771,R_1Q0JmVN3SrjVZs4,EN,21,Female,Polytechnic Diploma,Singapore,Chinese,,Singapore,Yes,Chinese,
600,R_vNUlZ3oKORlWcox,EN,22,Female,Polytechnic Diploma,Singapore,Chinese,,Singapore,Yes,Chinese,
1242,R_voj3Xf3nEJaPxcJ,EN,21,Female,GCE 'A' Levels,Singapore,Chinese,,Singapore,Yes,Chinese,
1934,R_3sn6hyBzWjKp0w9,EN,19,Female,GCE 'A' Levels,Singapore,Chinese,,Singapore,Yes,Chinese,
877,R_2tD6lLCm0VwPeL7,EN,22,Female,GCE 'A' Levels,Singapore,Chinese,,Singapore,Yes,Chinese,
1240,R_3qkcmvgN0zZREwM,EN,22,Male,GCE 'A' Levels,Singapore,Chinese,,Singapore,Yes,"Chinese,Japanese",
1409,R_DG0WtSsAxKqq6JP,EN,24,Male,Polytechnic Diploma,Singapore,Indian,,Singapore,No,"Tamil,Hindi,Other",Sourashtra
946,R_w5kpRXHCLHwDXih,EN,24,Male,GCE 'A' Levels,Singapore,Chinese,,Singapore,Yes,Chinese,
919,R_3rMvagRHbtxZZ0R,EN,24,Male,Polytechnic Diploma,Singapore,Chinese,,Singapore,Yes,Chinese,
650,R_2XdQLPXg8akzOzG,EN,22,Female,Bachelors Degree,Singapore,Chinese,,Singapore,Yes,Chinese,
584,R_2wyjX9INe1Xxjob,EN,19,Female,GCE 'A' Levels,Singapore,Chinese,,Singapore,Yes,Chinese,
420,R_wYpdeWgNkLbypR7,EN,20,Female,GCE 'A' Levels,Singapore,Chinese,,Singapore,Yes,Chinese,
534,R_3rIjZMhm8BwIH8A,EN,25,Male,GCE 'A' Levels,Singapore,Chinese,,Singapore,Yes,Chinese,
917,R_sAOEW4BKVUQqXkd,EN,21,Female,Bachelors Degree,Singapore,Chinese,,Singapore,Yes,Chinese,
2310,R_1is7hBQvoP8q4HH,EN,23,Female,Bachelors Degree,Singapore,Chinese,,Singapore,Yes,Chinese,
448,R_3oLy2jNZNkkuUr8,EN,23,Female,Bachelors Degree,Singapore,Chinese,,Singapore,Yes,Chinese,
671,R_3rxFjs4Q5wpD9Ad,EN,22,Female,GCE 'A' Levels,Singapore,Chinese,,Singapore,Yes,Chinese,
729,R_3rUHiOsaXBYmHpE,EN,20,Female,GCE 'A' Levels,Malaysia,Chinese,,Singapore,Yes,"Chinese,Other",cantonese
1092,R_1mPpkG6KEgMXGBz,EN,23,Female,GCE 'A' Levels,Singapore,Chinese,,Singapore,Yes,"Chinese,Korean,Other",Hokkien
925,R_24kD8oFU5FZsG4N,EN,22,Male,GCE 'A' Levels,Singapore,Chinese,,Singapore,Yes,Chinese,
891,R_vTUgbWFyMPRtCbT,EN,21,Female,Polytechnic Diploma,Singapore,Malay,,Singapore,Yes,Malay,
10592,R_12ffGcNYrwuW1aJ,EN,21,Female,GCE 'A' Levels,Singapore,Chinese,,Singapore,Yes,Chinese,
4423,R_2wtYuibBHgkWVqG,EN,20,Female,GCE 'A' Levels,Singapore,Chinese,,Singapore,Yes,Chinese,
516,R_1mJfbwLNDJuux9X,EN,23,Male,Polytechnic Diploma,Singapore,Chinese,,Singapore,Yes,Chinese,
1029,R_9zwBCGbcpCiMr3X,EN,22,Female,GCE 'A' Levels,Singapore,Chinese,,Singapore,Yes,Chinese,
597,R_BWn24M7vQMjEITf,EN,21,Female,GCE 'A' Levels,Singapore,Chinese,,Singapore,Yes,Chinese,
1453,R_33ecFGMGOeImOph,EN,23,Female,GCE 'A' Levels,Singapore,Chinese,,Singapore,Yes,Chinese,
1139,R_1mQ2KTMHMlMdZRz,EN,20,Female,GCE 'A' Levels,Singapore,Chinese,,Singapore,Yes,Chinese,
995,R_2zcBvrPOl4aGplJ,EN,22,Female,GCE 'A' Levels,Singapore,Chinese,,Singapore,Yes,Chinese,
573,R_2Bnupg6jtM2Wpoo,EN,22,Female,GCE 'A' Levels,Singapore,Chinese,,Singapore,Yes,Chinese,
1654,R_T6Pw5WbMBrKAsCZ,EN,21,Female,GCE 'A' Levels,Singapore,Chinese,,Singapore,Yes,Chinese,
694,R_A4js3dCairwOHhD,EN,22,Female,GCE 'A' Levels,Singapore,Chinese,,Singapore,Yes,Chinese,
945,R_1FbVD38aRdHD7Au,EN,24,Male,Bachelors Degree,Singapore,Chinese,,Singapore,Yes,"Chinese,Other",cantonese
1847,R_ebM7BUwTuBFWigV,EN,22,Female,Bachelors Degree,Singapore,Chinese,,Singapore,Yes,"Chinese,Bahasa Indonesia",
1010,R_2ZPmoaD9ERMWx0j,EN,22,Female,GCE 'A' Levels,Singapore,Chinese,,Singapore,Yes,"Chinese,Korean",
8243,R_3JnqtvrpoQyimig,EN,26,Female,Master's Degree,India,Indian,,Singapore,No,"Tamil,Hindi",Hindi
2084,R_42xqQmt2LlmLEVb,EN,22,Female,GCE 'A' Levels,Malaysia,Chinese,,Singapore,No,Chinese,
963,R_895NzFCmJCtjpL3,EN,23,Male,GCE 'A' Levels,Singapore,Chinese,,Singapore,Yes,"Chinese,French,German",
493,R_eCYnOuyeMomrjDX,EN,23,Male,GCE 'A' Levels,Singapore,Chinese,,Singapore,Yes,Chinese,
755,R_3pavpxakij2d4ML,EN,25,Male,GCE 'A' Levels,Singapore,Chinese,,Singapore,Yes,"Chinese,Malay",
1350,R_eqCr9qRfgU6z3zP,EN,21,Female,Polytechnic Diploma,Singapore,Chinese,,Singapore,No,Chinese,
740,R_3qUt1IXdHcX2298,EN,25,Male,Bachelors Degree,Singapore,Chinese,,Singapore,Yes,Chinese,
799,R_zYcxKZfeNgR0A1z,EN,25,Male,GCE 'A' Levels,Singapore,Chinese,,Singapore,Yes,"Chinese,German,Other",Teo Chew
973,R_2uKB5wyK2wOfzLd,EN,19,Female,GCE 'A' Levels,Singapore,Chinese,,Singapore,Yes,"Chinese,Japanese",
571,R_2fpORUWiRZ6FZVs,EN,25,Male,Bachelors Degree,Singapore,Chinese,,Singapore,Yes,Chinese,
1082,R_20YHnBQrUrwcWYA,EN,24,Male,GCE 'A' Levels,China,Chinese,,Singapore,Yes,"Chinese,Japanese",
704,R_12GztHiOo322srC,EN,22,Female,GCE 'A' Levels,Singapore,Chinese,,Singapore,Yes,Chinese,
11546,R_2wRlmxgEQqso0NG,EN,19,Female,GCE 'A' Levels,Singapore,Chinese,,Singapore,Yes,Chinese,
1097,R_2dWpC1ddHYoDTEQ,EN,21,Female,GCE 'A' Levels,Singapore,Chinese,,Singapore,Yes,"Chinese,Korean",
24767,R_9NPJUr6bXV4Yza9,EN,21,Female,GCE 'A' Levels,Singapore,Chinese,,Singapore,Yes,Chinese,
1114,R_3kAiObKwOkXsUTV,EN,24,Female,GCE 'A' Levels,Singapore,Chinese,,Singapore,Yes,Chinese,
1066,R_2ROiYBUPB9NCk5c,EN,22,Female,GCE 'A' Levels,Singapore,Chinese,,Singapore,Yes,Chinese,
989,R_2SeocQesD4ONeXr,EN,23,Male,GCE 'A' Levels,Malaysia,Chinese,,Singapore,Yes,Chinese,
1451,R_3pi44BhogLITinV,EN,19,Female,GCE 'A' Levels,Singapore,Chinese,,Singapore,Yes,Chinese,
1522,R_3G0V01WlS3Y02zE,EN,26,Male,Polytechnic Diploma,Singapore,Chinese,,Singapore,Yes,Chinese,
1215,R_3JrdX3GJiypBCgw,EN,23,Male,GCE 'A' Levels,Singapore,Malay,,Singapore,Yes,Malay,
1122,R_2tDxSFMJiStELLI,EN,22,Male,Bachelors Degree,Singapore,Chinese,,Singapore,Yes,Chinese,
374,R_3QVRGHktdI2E83N,EN,20,Female,GCE 'A' Levels,Singapore,Chinese,,Singapore,Yes,Chinese,
1060,R_30nGuLBTD8F4S9a,EN,25,Male,GCE 'A' Levels,Singapore,Chinese,,Singapore,Yes,Chinese,
1635,R_OvbWjcsGmKDrIXL,EN,24,Male,GCE 'A' Levels,Singapore,Chinese,,Singapore,Yes,Chinese,
